"PasswordHash";"employeeID";"loginCount"
"$2b$12$KvyYVEFm.omiKNUjNWruTOVEVgL0yt1Yrc5BISyYW8QJw6tsFOQpO";"100000000";1
"$2b$12$bR46M7FwD9Z7Y491EHXD3.xKtuKNL.X95GFRtwGSghQmu2gKCsUQO";"100000001";0
"$2b$12$3bTOKxqLVYcBapPCzCxH1.k1doReFd.b7Lq9JoAeJ1yh3g5CaLdnG";"100000002";0
"$2b$12$i/Szw1to.nn7Kg1PaX3/XO.lqstDuQCa1ceywVdYO6ODaS2qTtzBC";"100000003";0
"$2b$12$2xEM5aVJESlmp105deZZ/.7.lu828h74u5Enyg4ocE5gCgtOIm7da";"100000004";0
"$2b$12$GN8Ik2x1lFiz0Zqv8yhGHeYmJ4XHoE2f0/7K4aV1tqO0bNowJVOp6";"100000005";0
"$2b$12$8Q8sP8juCMeAOFrXvcUrxu3zLYiZ/JekiSb1j7wvgnR.fxgUpZtau";"100000006";0
"$2b$12$5x5HHqUWJoWUiKXFbO.RmeF8eXGq7rj3mP/.qt6FcFSsrJiXKG9h.";"100000007";0
"$2b$12$g6s4MbKQXaqbHtBopapgiul/9TLAYTCBROTXG1a7Q2FU9qhGX36BC";"100000008";0
"$2b$12$rwGfaMQTzYvL2jJQd0ts4uNbn6UtnuC7VH/9APrqW.eHhpECYO6qe";"100000009";0
"$2b$12$6X7VmDRhAOwS6KRQfipAReVYTtrxVWkkqziPHUSRFKvGFQ8M8f5l.";"100000010";0
"$2b$12$kP47z5q3yYc7jkNSWQeNp.cOSuMZO.kEpdvk2vgaAEYhBo9eo4rfW";"100000011";0
"$2b$12$z9pT0QhCFiY0fVxAoB0Lh.dD1v9dX7a3W4ag1QvXduiKI/uXZh/Om";"100000012";0
"$2b$12$Bzb5h1qUmb9hv5XHyH4eveTigxgxalLXYbd5yDOLm4805MD0Dh/2W";"100000013";0
"$2b$12$LULmyoBXkfIv3r5jwMqaPO6SNyzQKVjU8Xr.7rbF9lru/QV0TETji";"100000014";0
"$2b$12$xt9HvO8XwDphElC0DSI72eTucY7xJZ4w8StbSC6L6xUK9GfW1TouC";"100000015";0
"$2b$12$1gCZAWbptKyNbeRAO0TrneS6eWoP/z5L9jHGYOzLwCSSdgyRz3mO2";"100000016";0
"$2b$12$Z/k1XfQhj5n24Aq1fw9nKuaEfRGFp.eaVWoxCF803X0wDObPx/9u.";"100000017";0
"$2b$12$gUXSANTNO5v.RDg9uItdIu4uSpiciAwZdXkp/aaLtAES.CVjQnsZy";"100000018";0
"$2b$12$yQuCKCTrBCgadKTHK.e6Cu96tIxaHotHAQ3epT5apmQLRIT7z44ka";"100000019";0
"$2b$12$Esn1zdlgpWfcNUolZgySNOvgJO62z/WH0VmlF5PUQvlzDVlAUZYTK";"100000020";0
"$2b$12$qp8YCIjFkd5uy76TkdsDZu3gsy73rmFRK0N/Z1XsOsycmuWGDEQDG";"100000021";0
"$2b$12$oVYSijpOwttIn4478IdbTOhnZecl8h3v/YI99FjFsvOpIk.Ac/tPa";"100000022";0
"$2b$12$O8X.vgXu/.Sl3Un/iJ5u/eofl6BLwZzyH92GfrDORo6pdlyjPncmO";"100000023";0
"$2b$12$srVxx3e2ZGG4ACNmQD6CP.5M5GYsQxLd9D2IHPvcMjik1prVKi2Ri";"100000024";0
"$2b$12$i/Zz61Vxry7ZgIAmjAnh3e0wiJ7vQQhydS3dkZJzCz8G5tIRRZTT.";"100000025";0
"$2b$12$k3y/rqCnNdZOLt5.TYwdpONz1TdRnMCscJtnSTQDTQP3gALmD/oGm";"100000026";0
"$2b$12$aDD3v9U4LF48pGjgBJupkugUUJSRu/nFmiQlTFz5I4vQ0KuwvK7T2";"100000027";0
"$2b$12$.Xz5HO9cN/gxXvs35aTKQuWOajo.GxP3ObnVHh6vcXClWY6T9AYwq";"100000028";0
"$2b$12$9uM37pjAeJyBmOD8.y6EF.mtdf8OY/x3q.eEt7wEKfUBJWo6qmZEa";"100000029";0
"$2b$12$WSTjFzSh1atgoeb2SWJgw.8WfYBa4qlb8XWCAYsvu954JgRR2SNBq";"100000030";0
"$2b$12$1jaY/y52Rj8xsFZIw6vqAeqp.DDoaadOCGkERLShfjfhntLib4wKS";"100000031";0
"$2b$12$pLJpa3h5CVD3lEXz0V/5GeQfcydbdB14y2aAKpHl6Ypg1hNK8UVsK";"100000032";0
"$2b$12$nFydTVQa6SMLYoKkbbihpOUhaAqj3KCplSy.khdDkt1bU4WQqOo4a";"100000033";0
"$2b$12$oNWZfeo1FITMFj2wRIfXnOCO5EFIwAS2lE.eJwK2QngZfaHjTzmlC";"100000034";0
"$2b$12$pmmhhcUkM8tQlS0fVsZWxuY/CDCzJS7v8kT410PsTf1rtnQea1eii";"100000035";0
"$2b$12$A5cAL.f4H/9GxJ8JOIBhS.Jr3HkpJUh4c/.CODvHUv3QKG3ZM8zqi";"100000036";0
"$2b$12$RFtTUVECxOtkpF6DOD85I.YJBlOLZ4wsBUq3wMk56SPFuNlxTlxiG";"100000037";0
"$2b$12$8MztiB.NK2kAvLVBHXkq7.SUjgI2cS9vItiUYsP7RWxWGIJuUVuIq";"100000038";0
"$2b$12$RSdCdnpV2.ip13kFhukyyeKZ9G5kFZfV.mjxqaG7mO7ytcc1un8Aq";"100000039";0
"$2b$12$NMNXJoi4RMISEfSR9dYX9eNKqNvvYr1HcXHa8uN/Ts8Jpk6pfBW96";"100000040";0
"$2b$12$lYXPf.6skO9e241IvsGoFuWx3FqnC80JE9wMokdfQdb6g3GoCr8S2";"100000041";0
"$2b$12$G1BrHcoNpb/U6zORfbYibOuzuGuOFC5GsYyftqhNj5DYnEp9tRhgy";"100000042";0
"$2b$12$vwvFRpxNZhPNzjpq4tCwiO3/yDZJ211k551b5Bqrw400nDLX1g59y";"100000043";0
"$2b$12$Z4GVnluCfeiaaRwrKx5nH.XagJxINp6CMgCCoYc3rwftlorCxdCAS";"100000044";0
"$2b$12$vFwX3Y596sIjsfniIleLceDBq1alQYyPVn7S//SX64kfBYHeJ3TEO";"100000045";0
"$2b$12$jjndjtz.PJWG5xbBZcIqterKbB9cHwuAymqC6WPztjU9avyrqJngO";"100000046";0
"$2b$12$DALsbqww/qBWbai2hdRLsOC9bi2EPUOdh35ioFxa/U/Ocyzz.NRTu";"100000047";0
"$2b$12$on1H26efdR58KL11WmQPruVVrFd9WNVpybl0Iq2ZjPLxSkl53DqSy";"100000048";0
"$2b$12$Ee1clf63fuOxmRdmASfS1.Z/Gh8iOdWRk71KKQwKkQ5/NGZ748M6.";"100000049";0
"$2b$12$GhayqHz1KrZIIoFBIYKtsOjDMhuAe/lMDg9hcM5bC52P54YO6ijbG";"100000050";0
"$2b$12$8YuLtF.x/wQwlGIcLsFN.eeAp8a/O6JX83ECBWnb5zj4etDs4xPji";"100000051";0
"$2b$12$cOHpAXf2a.HdLg.G4ZVAHOViROQFQRTaNgW.C95Y7NS7ldY0DchKm";"100000052";0
"$2b$12$88fXYcWpbwRHCdaozLA.POtrhHlcymCvtAKUrCMp2RzdSxnWeDvii";"100000053";0
"$2b$12$xJrT9xfQB7wO4O59gIQn1.NJZvcu0V2.uHLOjwpg5FG/4DHreapP.";"100000054";0
"$2b$12$8OyjFritEwErfguHUHDDfuOllUVIwu.oUNT0w.0LCuyr04iZm1RyO";"100000055";0
"$2b$12$auJS8.czCwmqk1F7e8hbo.sybqI8QBevdOFt2GKVL64OKqTw2yNvC";"100000056";0
"$2b$12$mY8QjGJvTIy3XNXaICTmreLAbi8pp7XcFarJLkEz0ESKXkkip8SnS";"100000057";0
"$2b$12$dOwQ1Q8.d4edQ9XYGJrnBeqmCuIL8DLHInNaFabcZmWpKL179zX2W";"100000058";0
"$2b$12$19X9xolTx21d2SDTXsiCUuMcs6753CJGLJW5tsRBUYWtYHw5w3Zg.";"100000059";0
"$2b$12$SuL6ANaO92wIslpN3GuPledch60fjnT/fFMIv1fX5y0QutuLSnpYe";"100000060";0
"$2b$12$Nq6igbI9HbZu2BsjmWXvQuDfBMyGCqBQyF.HlzHAeIS9lHGix3Qf.";"100000061";0
"$2b$12$40cIHHDEl1gabcsMCW3iguRACrjfUFIOnZEYKJlMof4PXo5vtcawm";"100000062";0
"$2b$12$ouLehvQJT6l5LOvUgt/v4OXfEfUKjMj/zc3vC0DblI5u6lBpFkxyW";"100000063";0
"$2b$12$tUOMGYJJCSoMP6b3TsJBvuL7WbV7QZ/iEDbng7EeiO5ftPiC8O9Jq";"100000064";0
"$2b$12$DxHtRR833T8/4Qi0av690efmUq9j78sS8NrXRc/2kt0vG33/7Yyw2";"100000065";0
"$2b$12$W9abrJkJIBmpGGtE6xGHe.dav3zmdS7Wg2SHIbD/reOCxPcgi3Vji";"100000066";0
"$2b$12$7upgx3jmaa1tdurhiAGe6exxssDbV70QIQeU7USYwfzFo5ECgNczi";"100000067";0
"$2b$12$ZQ/2BxXDFWjbp69H.xpajub4UqyFWfkmpvfFMelfAU6jvAHRPs9L.";"100000068";0
"$2b$12$IOj4zFxxfqRC6U3inPuGlu1GTTmE0Ry/D48yciolI/3.7qBUmlUda";"100000069";0
"$2b$12$6XJ62W2n1yzrNL0sGowBeeMUsn0vuuiBqnFt8vp/NT8ssm2jKnSAa";"100000070";0
"$2b$12$XjiL8hi4ZqGAqKVwad7K8OoHYMWPUITWT5qNJnhHF4Ivhw8FiP7lm";"100000071";0
"$2b$12$kM9hVdgPKF4f9NHsTfk8juPN54qs5fsIY2vdI8fQcn6JwMj2U9.Vu";"100000072";0
"$2b$12$osUKkpFATxFmUFWYvNIIru89AsvWTc9rEgS.LU4JHMkfk0sNyxwUu";"100000073";0
"$2b$12$7WebZEqEfdi1hmn1TwnhxeJ7/vL9hu9rba4/D.52Xw9IwiZRIcj9a";"100000074";0
"$2b$12$RQEZ9ZmOvaidaXpt4HuC9ONxX5Yzrp0PLL7optp02icCzVBOLs7Ia";"100000075";0
"$2b$12$7zukopYq01WGC2ZmViK71eYDdh8dlXHvchLw7JqN.hMxi3kTcmv.e";"100000076";0
"$2b$12$lESKJrAkRXlFTgfPbxuBpeHns4EtpgPH3PZHSuHQFIt/hR9PVWtPu";"100000077";0
"$2b$12$aN8FuAGFxFHc1j81gzPAau.45zJX4sIla2dYZtmwbvx99QKVND3iq";"100000078";0
"$2b$12$aKFpNUf/XvHZGMjDTaH9wO8XlwJ/UTGWhmeb8qT7tE4GhASway3c2";"100000079";0
"$2b$12$a3WHVTNA1Lv/YMxaMCdnKuUoLW56gsPvGmG5RMqVCvK8PLnlAH6X2";"100000080";0
"$2b$12$IimUDG72aF2TJSDCd6XVMegc65Kj822FrJkgq.DJlGP3C7RNqFMZi";"100000081";0
"$2b$12$6yqeTWvF1xbYNXsH63W.JuXvW6enwk33CpJjhxsQsbw2ZSyaRTmP2";"100000082";0
"$2b$12$UbqaCpgMfZk6i8yc3TBtG.EJDhVhFbCeMqB8DLtf3QjgKnPo4ga8K";"100000083";0
"$2b$12$IvNRrCABZ54Xu2qYDFNa5ueUAPFNPfaFufqWDcSwLzy/TA2Wg/O7.";"100000084";0
"$2b$12$oSNPezoyd./0E3TF5uL2.uFrWdDlFQHdvJgHMYFJod/ES42GFkCBO";"100000085";0
"$2b$12$YYWV8rr6x2sBdgIqAhMXMuJoQ2cPXWybxn9qyRhHcy7mhP/USTJc2";"100000086";0
"$2b$12$kXjU7vYFOq3kpdPoF5meY.IX6R2whcsAgWFBOkdCcKDEjv4kG1Y/6";"100000087";0
"$2b$12$wLQowzfIJIiOCxp9lBUWIu2S20XNXwoBtYYfKQXAy8M4OZ6yVat/O";"100000088";0
"$2b$12$IXWDyz1KwEo.tx4HgkmbgOsrqp2MRSHBLxdjvw6s8wc8QHgycrxtS";"100000089";0
"$2b$12$JDoYZSakGq.hur77gAMhWOFJkbcfywpZUa/jRKw43KxiSe.YdO7JG";"100000090";0
"$2b$12$Izmu.8LW1orn1i/NtFkmZOuKC.3Waj5ppNV6/FSW7.sO7bY5Kxn8K";"100000091";0
"$2b$12$ssSbbaYjxE3G4OuUNBV1xe5Ic/D5JwcNUthmN42c9VWmHGeCqin82";"100000092";0
"$2b$12$kPXDPqZZLEpkeCrMx/vB.OkXK71P/jowxsqh1XPkFL5Ax6bbaf9Qy";"100000093";0
"$2b$12$ncwuJ.oNoNGH8klUWb5bH.74cXb65.WmXlWErmJW4JvFrrCfW5p3y";"100000094";0
"$2b$12$PAirQ/ZxnLzVnSnniJT45u8KiTI42kkYKgrCRx54H5E..16lfGSCu";"100000095";0
"$2b$12$.mB0vgHJ9oFDWclwcgE1Se9gViOwqypVbv.C7m8hhr7tL44rkbh1e";"100000096";0
"$2b$12$iQDtCWWU5OUzc0XqA2DqXuZNQB5sW1J5J34FBDbNchiOPR1/tk6lS";"100000097";0
"$2b$12$KsMLOLSGpYArpaV2ZLP21u9lb9RkJ76Fu2PtU127vTPcqIT5IWwzK";"100000098";0
"$2b$12$/U7w7o9ZI74NOAa80GXqueJRM5B7HoDKSyIG7EjhTA6U8dLcvCS6q";"100000099";0
